Workbook

Sheet Customer_churn_Table
A1: RowNumber | B1: CustomerId | C1: Surname | D1: CreditScore | E1: Geography | F1: Gender | G1: Age | H1: Tenure | I1: Balance | J1: NumOfProducts | K1: HasCrCard | L1: IsActiveMember | M1: EstimatedSalary | N1: Exited | O1: Complain | P1: Satisfaction Score | Q1: Card Type | R1: Point Earned
A2: 1 | B2: 15634602 | C2: Hargrave | D2: 619 | E2: France | F2: Female | G2: 42 | H2: 2 | I2: 0 | J2: 1 | K2: 1 | L2: 1 | M2: 101348.88 | N2: 1 | O2: 1 | P2: 2 | Q2: DIAMOND | R2: 464
A3: 2 | B3: 15647311 | C3: Hill | D3: 608 | E3: Spain | F3: Female | G3: 41 | H3: 1 | I3: 83807.86 | J3: 1 | K3: 0 | L3: 1 | M3: 112542.58 | N3: 0 | O3: 1 | P3: 3 | Q3: DIAMOND | R3: 456
A4: 3 | B4: 15619304 | C4: Onio | D4: 502 | E4: France | F4: Female | G4: 42 | H4: 8 | I4: 159660.8 | J4: 3 | K4: 1 | L4: 0 | M4: 113931.57 | N4: 1 | O4: 1 | P4: 3 | Q4: DIAMOND | R4: 377
A5: 4 | B5: 15701354 | C5: Boni | D5: 699 | E5: France | F5: Female | G5: 39 | H5: 1 | I5: 0 | J5: 2 | K5: 0 | L5: 0 | M5: 93826.63 | N5: 0 | O5: 0 | P5: 5 | Q5: GOLD | R5: 350
A6: 5 | B6: 15737888 | C6: Mitchell | D6: 850 | E6: Spain | F6: Female | G6: 43 | H6: 2 | I6: 125510.82 | J6: 1 | K6: 1 | L6: 1 | M6: 79084.1 | N6: 0 | O6: 0 | P6: 5 | Q6: GOLD | R6: 425
A7: 6 | B7: 15574012 | C7: Chu | D7: 645 | E7: Spain | F7: Male | G7: 44 | H7: 8 | I7: 113755.78 | J7: 2 | K7: 1 | L7: 0 | M7: 149756.71 | N7: 1 | O7: 1 | P7: 5 | Q7: DIAMOND | R7: 484
A8: 7 | B8: 15592531 | C8: Bartlett | D8: 822 | E8: France | F8: Male | G8: 50 | H8: 7 | I8: 0 | J8: 2 | K8: 1 | L8: 1 | M8: 10062.8 | N8: 0 | O8: 0 | P8: 2 | Q8: SILVER | R8: 206
A9: 8 | B9: 15656148 | C9: Obinna | D9: 376 | E9: Germany | F9: Female | G9: 29 | H9: 4 | I9: 115046.74 | J9: 4 | K9: 1 | L9: 0 | M9: 119346.88 | N9: 1 | O9: 1 | P9: 2 | Q9: DIAMOND | R9: 282
A10: 9 | B10: 15792365 | C10: He | D10: 501 | E10: France | F10: Male | G10: 44 | H10: 4 | I10: 142051.07 | J10: 2 | K10: 0 | L10: 1 | M10: 74940.5 | N10: 0 | O10: 0 | P10: 3 | Q10: GOLD | R10: 251
A11: 10 | B11: 15592389 | C11: H? | D11: 684 | E11: France | F11: Male | G11: 27 | H11: 2 | I11: 134603.88 | J11: 1 | K11: 1 | L11: 1 | M11: 71725.73 | N11: 0 | O11: 0 | P11: 3 | Q11: GOLD | R11: 342
A12: 11 | B12: 15767821 | C12: Bearce | D12: 528 | E12: France | F12: Male | G12: 31 | H12: 6 | I12: 102016.72 | J12: 2 | K12: 0 | L12: 0 | M12: 80181.12 | N12: 0 | O12: 0 | P12: 3 | Q12: GOLD | R12: 264
A13: 12 | B13: 15737173 | C13: Andrews | D13: 497 | E13: Spain | F13: Male | G13: 24 | H13: 3 | I13: 0 | J13: 2 | K13: 1 | L13: 0 | M13: 76390.01 | N13: 0 | O13: 0 | P13: 3 | Q13: GOLD | R13: 249
... A10001: 10000 | B10001: 15628319 | C10001: Walker | D10001: 792 | E10001: France | F10001: Female | G10001: 28 | H10001: 4 | I10001: 130142.79 | J10001: 1 | K10001: 1 | L10001: 0 | M10001: 38190.78 | N10001: 0 | O10001: 0 | P10001: 3 | Q10001: DIAMOND | R10001: 911

Sheet Helper 
A1: Geography | B1: Churn Rate | C1: Churned | H1: Activity Status | I1: Customers | J1: Churned | K1: Churn Rate | O1: Complaint | P1: Stayed | Q1: Exited | R1: Churn Rate
A2: France | B2: =COUNTIFS(Customers[Geography],A2,Customers[Exited],1)/COUNTIFS(Customers[Geography],A2) -> 0.16174711 | C2: =COUNTIFS(Customers[Geography],A2,Customers[Exited],1) -> 811 | H2: Inactive | I2: =COUNTIFS(Customers[IsActiveMember],0) -> 4849 | J2: =COUNTIFS(Customers[IsActiveMember],0,Customers[Exited],1) -> 1303 | K2: =J2/I2 -> 0.2687152 | O2: No Complaint | P2: =COUNTIFS(Customers[Complain],0,Customers[Exited],0) -> 7952 | Q2: =COUNTIFS(Customers[Complain],0,Customers[Exited],1) -> 4 | R2: =IFERROR(Q2/(P2+Q2),0) -> 0.00050276521
A3: Germany | B3: =COUNTIFS(Customers[Geography],A3,Customers[Exited],1)/COUNTIFS(Customers[Geography],A3) -> 0.32443204 | C3: =COUNTIFS(Customers[Geography],A3,Customers[Exited],1) -> 814 | H3: Active | I3: =COUNTIFS(Customers[IsActiveMember],1) -> 5151 | J3: =COUNTIFS(Customers[IsActiveMember],1,Customers[Exited],1) -> 735 | K3: =J3/I3 -> 0.14269074 | O3: Complaint | P3: =COUNTIFS(Customers[Complain],1,Customers[Exited],0) -> 10 | Q3: =COUNTIFS(Customers[Complain],1,Customers[Exited],1) -> 2034 | R3: =IFERROR(Q3/(P3+Q3),0) -> 0.99510763
A4: Spain | B4: =COUNTIFS(Customers[Geography],A4,Customers[Exited],1)/COUNTIFS(Customers[Geography],A4) -> 0.16673395 | C4: =COUNTIFS(Customers[Geography],A4,Customers[Exited],1) -> 413
H5: Num Products | I5: Customers | J5: Churned | K5: Churn Rate | O5: Satisfaction | P5: Customers | Q5: Churned | R5: Churn Rate
A6: Age Group | B6: Customers | C6: Churned | D6: Churn Rate | H6: 1 | I6: =COUNTIFS(Customers[NumOfProducts],H6) -> 5084 | J6: =COUNTIFS(Customers[NumOfProducts],H6,Customers[Exited],1) -> 1409 | K6: =IFERROR(J6/I6,0) -> 0.27714398 | O6: 1 | P6: =COUNTIFS(Customers[Satisfaction Score],O6) -> 1932 | Q6: =COUNTIFS(Customers[Satisfaction Score],O6,Customers[Exited],1) -> 387 | R6: =IFERROR(Q6/P6,0) -> 0.20031056
A7: 18-25 | B7: =COUNTIFS(Customers[Age],">=18",Customers[Age],"<=25") -> 611 | C7: =COUNTIFS(Customers[Age],">=18",Customers[Age],"<=25",Customers[Exited],1) -> 46 | D7: =IFERROR(C7/B7,0) -> 0.075286416 | H7: 2 | I7: =COUNTIFS(Customers[NumOfProducts],H7) -> 4590 | J7: =COUNTIFS(Customers[NumOfProducts],H7,Customers[Exited],1) -> 349 | K7: =IFERROR(J7/I7,0) -> 0.076034858 | O7: 2 | P7: =COUNTIFS(Customers[Satisfaction Score],O7) -> 2014 | Q7: =COUNTIFS(Customers[Satisfaction Score],O7,Customers[Exited],1) -> 439 | R7: =IFERROR(Q7/P7,0) -> 0.21797418
A8: 26-35 | B8: =COUNTIFS(Customers[Age],">=26",Customers[Age],"<=35") -> 3542 | C8: =COUNTIFS(Customers[Age],">=26",Customers[Age],"<=35",Customers[Exited],1) -> 301 | D8: =IFERROR(C8/B8,0) -> 0.084980237 | H8: 3 | I8: =COUNTIFS(Customers[NumOfProducts],H8) -> 266 | J8: =COUNTIFS(Customers[NumOfProducts],H8,Customers[Exited],1) -> 220 | K8: =IFERROR(J8/I8,0) -> 0.82706767 | O8: 3 | P8: =COUNTIFS(Customers[Satisfaction Score],O8) -> 2042 | Q8: =COUNTIFS(Customers[Satisfaction Score],O8,Customers[Exited],1) -> 401 | R8: =IFERROR(Q8/P8,0) -> 0.1963761
A9: 36-45 | B9: =COUNTIFS(Customers[Age],">=36",Customers[Age],"<=45") -> 3736 | C9: =COUNTIFS(Customers[Age],">=36",Customers[Age],"<=45",Customers[Exited],1) -> 734 | D9: =IFERROR(C9/B9,0) -> 0.19646681 | H9: 4 | I9: =COUNTIFS(Customers[NumOfProducts],H9) -> 60 | J9: =COUNTIFS(Customers[NumOfProducts],H9,Customers[Exited],1) -> 60 | K9: =IFERROR(J9/I9,0) -> 1 | O9: 4 | P9: =COUNTIFS(Customers[Satisfaction Score],O9) -> 2008 | Q9: =COUNTIFS(Customers[Satisfaction Score],O9,Customers[Exited],1) -> 414 | R9: =IFERROR(Q9/P9,0) -> 0.2061753
B10: =COUNTIFS(Customers[Age],">=46",Customers[Age],"<=60") -> 1647 | C10: =COUNTIFS(Customers[Age],">=46",Customers[Age],"<=60",Customers[Exited],1) -> 842 | D10: =IFERROR(C10/B10,0) -> 0.51123254 | O10: 5 | P10: =COUNTIFS(Customers[Satisfaction Score],O10) -> 2004 | Q10: =COUNTIFS(Customers[Satisfaction Score],O10,Customers[Exited],1) -> 397 | R10: =IFERROR(Q10/P10,0) -> 0.19810379
A11: 60+ | B11: =COUNTIFS(Customers[Age],">60") -> 464 | C11: =COUNTIFS(Customers[Age],">60",Customers[Exited],1) -> 115 | D11: =IFERROR(C11/B11,0) -> 0.24784483 | H11: Credit Score | I11: Customers | J11: Churned | K11: Churn Rate
H12: <500 | I12: =COUNTIFS(Customers[CreditScore],"<500") -> 632 | J12: =COUNTIFS(Customers[CreditScore],"<500",Customers[Exited],1) -> 150 | K12: =IFERROR(J12/I12,0) -> 0.23734177 | O12: Card Type | P12: Customers | Q12: Churned | R12: Churn Rate
A13: Gender | B13: Stayed | C13: Exited | H13: 500-599 | I13: =COUNTIFS(Customers[CreditScore],">=500",Customers[CreditScore],"<600") -> 2402 | J13: =COUNTIFS(Customers[CreditScore],">=500",Customers[CreditScore],"<600",Customers[Exited],1) -> 510 | K13: =IFERROR(J13/I13,0) -> 0.21232306 | O13: SILVER | P13: =COUNTIFS(Customers[Card Type],O13) -> 2496 | Q13: =COUNTIFS(Customers[Card Type],O13,Customers[Exited],1) -> 502 | R13: =IFERROR(Q13/P13,0) -> 0.20112179
A14: Female | B14: =COUNTIFS(Customers[Gender],A14,Customers[Exited],0) -> 3404 | C14: =COUNTIFS(Customers[Gender],A14,Customers[Exited],1) -> 1139 | H14: 600-699 | I14: =COUNTIFS(Customers[CreditScore],">=600",Customers[CreditScore],"<700") -> 3818 | J14: =COUNTIFS(Customers[CreditScore],">=600",Customers[CreditScore],"<700",Customers[Exited],1) -> 753 | K14: =IFERROR(J14/I14,0) -> 0.19722368 | O14: GOLD | P14: =COUNTIFS(Customers[Card Type],O14) -> 2502 | Q14: =COUNTIFS(Customers[Card Type],O14,Customers[Exited],1) -> 482 | R14: =IFERROR(Q14/P14,0) -> 0.19264588
A15: Male | B15: =COUNTIFS(Customers[Gender],A15,Customers[Exited],0) -> 4558 | C15: =COUNTIFS(Customers[Gender],A15,Customers[Exited],1) -> 899 | H15: 700-799 | I15: =COUNTIFS(Customers[CreditScore],">=700",Customers[CreditScore],"<800") -> 2493 | J15: =COUNTIFS(Customers[CreditScore],">=700",Customers[CreditScore],"<800",Customers[Exited],1) -> 497 | K15: =IFERROR(J15/I15,0) -> 0.1993582 | O15: PLATINUM | P15: =COUNTIFS(Customers[Card Type],O15) -> 2495 | Q15: =COUNTIFS(Customers[Card Type],O15,Customers[Exited],1) -> 508 | R15: =IFERROR(Q15/P15,0) -> 0.20360721
H16: 800+ | I16: =COUNTIFS(Customers[CreditScore],">=800") -> 655 | J16: =COUNTIFS(Customers[CreditScore],">=800",Customers[Exited],1) -> 128 | K16: =IFERROR(J16/I16,0) -> 0.19541985 | O16: DIAMOND | P16: =COUNTIFS(Customers[Card Type],O16) -> 2507 | Q16: =COUNTIFS(Customers[Card Type],O16,Customers[Exited],1) -> 546 | R16: =IFERROR(Q16/P16,0) -> 0.21779019
A18: Status | B18: Customers | H18: Tenure (yrs) | I18: Customers | J18: Churn Rate
H19: 0 | I19: =COUNTIFS(Customers[Tenure],H19) -> 413 | J19: =IFERROR(COUNTIFS(Customers[Tenure],H19,Customers[Exited],1)/I19,0) -> 0.23002421
A20: Stayed | B20: =COUNTIFS(Customers[Exited],0) -> 7962 | H20: 1 | I20: =COUNTIFS(Customers[Tenure],H20) -> 1035 | J20: =IFERROR(COUNTIFS(Customers[Tenure],H20,Customers[Exited],1)/I20,0) -> 0.22415459
A21: Exited | B21: =COUNTIFS(Customers[Exited],1) -> 2038 | H21: 2 | I21: =COUNTIFS(Customers[Tenure],H21) -> 1048 | J21: =IFERROR(COUNTIFS(Customers[Tenure],H21,Customers[Exited],1)/I21,0) -> 0.19179389
H22: 3 | I22: =COUNTIFS(Customers[Tenure],H22) -> 1009 | J22: =IFERROR(COUNTIFS(Customers[Tenure],H22,Customers[Exited],1)/I22,0) -> 0.2111001
H23: 4 | I23: =COUNTIFS(Customers[Tenure],H23) -> 989 | J23: =IFERROR(COUNTIFS(Customers[Tenure],H23,Customers[Exited],1)/I23,0) -> 0.20525784
H24: 5 | I24: =COUNTIFS(Customers[Tenure],H24) -> 1012 | J24: =IFERROR(COUNTIFS(Customers[Tenure],H24,Customers[Exited],1)/I24,0) -> 0.20652174
H25: 6 | I25: =COUNTIFS(Customers[Tenure],H25) -> 967 | J25: =IFERROR(COUNTIFS(Customers[Tenure],H25,Customers[Exited],1)/I25,0) -> 0.20268873
H26: 7 | I26: =COUNTIFS(Customers[Tenure],H26) -> 1028 | J26: =IFERROR(COUNTIFS(Customers[Tenure],H26,Customers[Exited],1)/I26,0) -> 0.17217899
H27: 8 | I27: =COUNTIFS(Customers[Tenure],H27) -> 1025 | J27: =IFERROR(COUNTIFS(Customers[Tenure],H27,Customers[Exited],1)/I27,0) -> 0.19219512
H28: 9 | I28: =COUNTIFS(Customers[Tenure],H28) -> 984 | J28: =IFERROR(COUNTIFS(Customers[Tenure],H28,Customers[Exited],1)/I28,0) -> 0.21747967
H29: 10 | I29: =COUNTIFS(Customers[Tenure],H29) -> 490 | J29: =IFERROR(COUNTIFS(Customers[Tenure],H29,Customers[Exited],1)/I29,0) -> 0.20612245

Sheet Overview
A1: Customer Churn — Executive Overview
A3: Total Customers
A4: =COUNTA(Customers[CustomerId]) -> 10000
A6: Avg Balance
A7: =AVERAGE(Customers[Balance]) -> 76485.889
A9: Total Churned | B9: Churn Rate %
A10: =SUM(Customers[Exited]) -> 2038 | B10: =A10/A4 -> 0.2038
A12: Avg Credit Score | B12: Avg Age
A13: =AVERAGE(Customers[CreditScore]) -> 650.5288 | B13: =AVERAGE(Customers[Age]) -> 38.9218
A15: Active Customers | B15: Avg Satisfaction
A16: =SUM(Customers[IsActiveMember]) -> 5151 | B16: =AVERAGE(Customers[Satisfaction Score]) -> 3.0138
L21: Age Group | M21: Churn Rate
L22: ='Helper '!A7 -> 18-25 | M22: ='Helper '!D7 -> 0.075286416
L23: ='Helper '!A8 -> 26-35 | M23: ='Helper '!D8 -> 0.084980237
L24: ='Helper '!A9 -> 36-45 | M24: ='Helper '!D9 -> 0.19646681
L25: ='Helper '!A10 | M25: ='Helper '!D10 -> 0.51123254
L26: ='Helper '!A11 -> 60+ | M26: ='Helper '!D11 -> 0.24784483

Sheet Customer Behaviour
A1: Customer Behaviour Analysis
T2: =IF(Customer_churn_Table!N2=0,Customer_churn_Table!I2,NA()) -> #N/A | U2: =IF(Customer_churn_Table!N2=0,Customer_churn_Table!M2,NA()) -> #N/A | V2: =IF(Customer_churn_Table!N2=1,Customer_churn_Table!I2,NA()) -> 0 | W2: =IF(Customer_churn_Table!N2=1,Customer_churn_Table!M2,NA()) -> 101348.88
T3: =IF(Customer_churn_Table!N3=0,Customer_churn_Table!I3,NA()) -> 83807.86 | U3: =IF(Customer_churn_Table!N3=0,Customer_churn_Table!M3,NA()) -> 112542.58 | V3: =IF(Customer_churn_Table!N3=1,Customer_churn_Table!I3,NA()) -> #N/A | W3: =IF(Customer_churn_Table!N3=1,Customer_churn_Table!M3,NA()) -> #N/A
T4: =IF(Customer_churn_Table!N4=0,Customer_churn_Table!I4,NA()) -> #N/A | U4: =IF(Customer_churn_Table!N4=0,Customer_churn_Table!M4,NA()) -> #N/A | V4: =IF(Customer_churn_Table!N4=1,Customer_churn_Table!I4,NA()) -> 159660.8 | W4: =IF(Customer_churn_Table!N4=1,Customer_churn_Table!M4,NA()) -> 113931.57
T5: =IF(Customer_churn_Table!N5=0,Customer_churn_Table!I5,NA()) -> 0 | U5: =IF(Customer_churn_Table!N5=0,Customer_churn_Table!M5,NA()) -> 93826.63 | V5: =IF(Customer_churn_Table!N5=1,Customer_churn_Table!I5,NA()) -> #N/A | W5: =IF(Customer_churn_Table!N5=1,Customer_churn_Table!M5,NA()) -> #N/A
T6: =IF(Customer_churn_Table!N6=0,Customer_churn_Table!I6,NA()) -> 125510.82 | U6: =IF(Customer_churn_Table!N6=0,Customer_churn_Table!M6,NA()) -> 79084.1 | V6: =IF(Customer_churn_Table!N6=1,Customer_churn_Table!I6,NA()) -> #N/A | W6: =IF(Customer_churn_Table!N6=1,Customer_churn_Table!M6,NA()) -> #N/A
T7: =IF(Customer_churn_Table!N7=0,Customer_churn_Table!I7,NA()) -> #N/A | U7: =IF(Customer_churn_Table!N7=0,Customer_churn_Table!M7,NA()) -> #N/A | V7: =IF(Customer_churn_Table!N7=1,Customer_churn_Table!I7,NA()) -> 113755.78 | W7: =IF(Customer_churn_Table!N7=1,Customer_churn_Table!M7,NA()) -> 149756.71
T8: =IF(Customer_churn_Table!N8=0,Customer_churn_Table!I8,NA()) -> 0 | U8: =IF(Customer_churn_Table!N8=0,Customer_churn_Table!M8,NA()) -> 10062.8 | V8: =IF(Customer_churn_Table!N8=1,Customer_churn_Table!I8,NA()) -> #N/A | W8: =IF(Customer_churn_Table!N8=1,Customer_churn_Table!M8,NA()) -> #N/A
T9: =IF(Customer_churn_Table!N9=0,Customer_churn_Table!I9,NA()) -> #N/A | U9: =IF(Customer_churn_Table!N9=0,Customer_churn_Table!M9,NA()) -> #N/A | V9: =IF(Customer_churn_Table!N9=1,Customer_churn_Table!I9,NA()) -> 115046.74 | W9: =IF(Customer_churn_Table!N9=1,Customer_churn_Table!M9,NA()) -> 119346.88
T10: =IF(Customer_churn_Table!N10=0,Customer_churn_Table!I10,NA()) -> 142051.07 | U10: =IF(Customer_churn_Table!N10=0,Customer_churn_Table!M10,NA()) -> 74940.5 | V10: =IF(Customer_churn_Table!N10=1,Customer_churn_Table!I10,NA()) -> #N/A | W10: =IF(Customer_churn_Table!N10=1,Customer_churn_Table!M10,NA()) -> #N/A
T11: =IF(Customer_churn_Table!N11=0,Customer_churn_Table!I11,NA()) -> 134603.88 | U11: =IF(Customer_churn_Table!N11=0,Customer_churn_Table!M11,NA()) -> 71725.73 | V11: =IF(Customer_churn_Table!N11=1,Customer_churn_Table!I11,NA()) -> #N/A | W11: =IF(Customer_churn_Table!N11=1,Customer_churn_Table!M11,NA()) -> #N/A
T12: =IF(Customer_churn_Table!N12=0,Customer_churn_Table!I12,NA()) -> 102016.72 | U12: =IF(Customer_churn_Table!N12=0,Customer_churn_Table!M12,NA()) -> 80181.12 | V12: =IF(Customer_churn_Table!N12=1,Customer_churn_Table!I12,NA()) -> #N/A | W12: =IF(Customer_churn_Table!N12=1,Customer_churn_Table!M12,NA()) -> #N/A
T13: =IF(Customer_churn_Table!N13=0,Customer_churn_Table!I13,NA()) -> 0 | U13: =IF(Customer_churn_Table!N13=0,Customer_churn_Table!M13,NA()) -> 76390.01 | V13: =IF(Customer_churn_Table!N13=1,Customer_churn_Table!I13,NA()) -> #N/A | W13: =IF(Customer_churn_Table!N13=1,Customer_churn_Table!M13,NA()) -> #N/A
... T10001: =IF(Customer_churn_Table!N10001=0,Customer_churn_Table!I10001,NA()) -> 130142.79 | U10001: =IF(Customer_churn_Table!N10001=0,Customer_churn_Table!M10001,NA()) -> 38190.78 | V10001: =IF(Customer_churn_Table!N10001=1,Customer_churn_Table!I10001,NA()) -> #N/A | W10001: =IF(Customer_churn_Table!N10001=1,Customer_churn_Table!M10001,NA()) -> #N/A

Sheet Customer Experience
A1: Customer Experience Analysis
P3: =IF(Customer_churn_Table!N3=0,Customer_churn_Table!H3,NA()) -> 1 | Q3: =IF(Customer_churn_Table!N3=0,Customer_churn_Table!R3,NA()) -> 456 | R3: =IF(Customer_churn_Table!N3=1,Customer_churn_Table!H3,NA()) -> #N/A | S3: =IF(Customer_churn_Table!N3=1,Customer_churn_Table!R3,NA()) -> #N/A
P4: =IF(Customer_churn_Table!N4=0,Customer_churn_Table!H4,NA()) -> #N/A | Q4: =IF(Customer_churn_Table!N4=0,Customer_churn_Table!R4,NA()) -> #N/A | R4: =IF(Customer_churn_Table!N4=1,Customer_churn_Table!H4,NA()) -> 8 | S4: =IF(Customer_churn_Table!N4=1,Customer_churn_Table!R4,NA()) -> 377
P5: =IF(Customer_churn_Table!N5=0,Customer_churn_Table!H5,NA()) -> 1 | Q5: =IF(Customer_churn_Table!N5=0,Customer_churn_Table!R5,NA()) -> 350 | R5: =IF(Customer_churn_Table!N5=1,Customer_churn_Table!H5,NA()) -> #N/A | S5: =IF(Customer_churn_Table!N5=1,Customer_churn_Table!R5,NA()) -> #N/A
P6: =IF(Customer_churn_Table!N6=0,Customer_churn_Table!H6,NA()) -> 2 | Q6: =IF(Customer_churn_Table!N6=0,Customer_churn_Table!R6,NA()) -> 425 | R6: =IF(Customer_churn_Table!N6=1,Customer_churn_Table!H6,NA()) -> #N/A | S6: =IF(Customer_churn_Table!N6=1,Customer_churn_Table!R6,NA()) -> #N/A
P7: =IF(Customer_churn_Table!N7=0,Customer_churn_Table!H7,NA()) -> #N/A | Q7: =IF(Customer_churn_Table!N7=0,Customer_churn_Table!R7,NA()) -> #N/A | R7: =IF(Customer_churn_Table!N7=1,Customer_churn_Table!H7,NA()) -> 8 | S7: =IF(Customer_churn_Table!N7=1,Customer_churn_Table!R7,NA()) -> 484
P8: =IF(Customer_churn_Table!N8=0,Customer_churn_Table!H8,NA()) -> 7 | Q8: =IF(Customer_churn_Table!N8=0,Customer_churn_Table!R8,NA()) -> 206 | R8: =IF(Customer_churn_Table!N8=1,Customer_churn_Table!H8,NA()) -> #N/A | S8: =IF(Customer_churn_Table!N8=1,Customer_churn_Table!R8,NA()) -> #N/A
P9: =IF(Customer_churn_Table!N9=0,Customer_churn_Table!H9,NA()) -> #N/A | Q9: =IF(Customer_churn_Table!N9=0,Customer_churn_Table!R9,NA()) -> #N/A | R9: =IF(Customer_churn_Table!N9=1,Customer_churn_Table!H9,NA()) -> 4 | S9: =IF(Customer_churn_Table!N9=1,Customer_churn_Table!R9,NA()) -> 282
P10: =IF(Customer_churn_Table!N10=0,Customer_churn_Table!H10,NA()) -> 4 | Q10: =IF(Customer_churn_Table!N10=0,Customer_churn_Table!R10,NA()) -> 251 | R10: =IF(Customer_churn_Table!N10=1,Customer_churn_Table!H10,NA()) -> #N/A | S10: =IF(Customer_churn_Table!N10=1,Customer_churn_Table!R10,NA()) -> #N/A
P11: =IF(Customer_churn_Table!N11=0,Customer_churn_Table!H11,NA()) -> 2 | Q11: =IF(Customer_churn_Table!N11=0,Customer_churn_Table!R11,NA()) -> 342 | R11: =IF(Customer_churn_Table!N11=1,Customer_churn_Table!H11,NA()) -> #N/A | S11: =IF(Customer_churn_Table!N11=1,Customer_churn_Table!R11,NA()) -> #N/A
P12: =IF(Customer_churn_Table!N12=0,Customer_churn_Table!H12,NA()) -> 6 | Q12: =IF(Customer_churn_Table!N12=0,Customer_churn_Table!R12,NA()) -> 264 | R12: =IF(Customer_churn_Table!N12=1,Customer_churn_Table!H12,NA()) -> #N/A | S12: =IF(Customer_churn_Table!N12=1,Customer_churn_Table!R12,NA()) -> #N/A
P13: =IF(Customer_churn_Table!N13=0,Customer_churn_Table!H13,NA()) -> 3 | Q13: =IF(Customer_churn_Table!N13=0,Customer_churn_Table!R13,NA()) -> 249 | R13: =IF(Customer_churn_Table!N13=1,Customer_churn_Table!H13,NA()) -> #N/A | S13: =IF(Customer_churn_Table!N13=1,Customer_churn_Table!R13,NA()) -> #N/A
P14: =IF(Customer_churn_Table!N14=0,Customer_churn_Table!H14,NA()) -> 10 | Q14: =IF(Customer_churn_Table!N14=0,Customer_churn_Table!R14,NA()) -> 119 | R14: =IF(Customer_churn_Table!N14=1,Customer_churn_Table!H14,NA()) -> #N/A | S14: =IF(Customer_churn_Table!N14=1,Customer_churn_Table!R14,NA()) -> #N/A
... P10001: =IF(Customer_churn_Table!N10001=0,Customer_churn_Table!H10001,NA()) -> 4 | Q10001: =IF(Customer_churn_Table!N10001=0,Customer_churn_Table!R10001,NA()) -> 911 | R10001: =IF(Customer_churn_Table!N10001=1,Customer_churn_Table!H10001,NA()) -> #N/A | S10001: =IF(Customer_churn_Table!N10001=1,Customer_churn_Table!R10001,NA()) -> #N/A

Sheet _ChartData
A1: Geography | B1: Churn Rate | D1: Products | E1: Churn Rate
A2: France | B2: =#REF! -> #REF! | D2: 1 product | E2: =#REF! -> #REF!
A3: Germany | B3: =#REF! -> #REF! | D3: 2 products | E3: =#REF! -> #REF!
A4: Spain | B4: =#REF! -> #REF! | D4: 3 products | E4: =#REF! -> #REF!
D5: 4 products | E5: =#REF! -> #REF!
A6: Gender | B6: Churn Rate
A7: Female | B7: =#REF! -> #REF! | D7: Activity | E7: Churn Rate
A8: Male | B8: =#REF! -> #REF! | D8: Inactive | E8: =#REF! -> #REF!
D9: Active | E9: =#REF! -> #REF!
A10: Age Band | B10: Churn Rate
A11: <30 | B11: =#REF! -> #REF! | D11: Balance | E11: Churn Rate
A12: 30-40 | B12: =#REF! -> #REF! | D12: Zero | E12: =#REF! -> #REF!
A13: 40-50 | B13: =#REF! -> #REF! | D13: <50k | E13: =#REF! -> #REF!
A14: 50-60 | B14: =#REF! -> #REF! | D14: 50-100k | E14: =#REF! -> #REF!
A15: 60+ | B15: =#REF! -> #REF! | D15: 100-150k | E15: =#REF! -> #REF!
D16: 150k+ | E16: =#REF! -> #REF!
D18: Tenure | E18: Churn Rate
D19: 0 to 2 | E19: =#REF! -> #REF!
D20: 3 to 5 | E20: =#REF! -> #REF!
D21: 6 to 8 | E21: =#REF! -> #REF!
D22: 9 to 10 | E22: =#REF! -> #REF!
